parameter_id,name,value,units,constant,pbpko_class,chebi_ids
PFOS,,0,dimensionless,false,http://purl.obolibrary.org/obo/PBPKO_00649,
PFOA,,1,dimensionless,false,http://purl.obolibrary.org/obo/PBPKO_00649,
T_delivery,Time of delivery (h) = 40 wk x 168 h/wk,6720,h,true,http://purl.obolibrary.org/obo/PBPKO_00551,
T_lact_end,End of lactation (h); set to T_delivery to disable BF,15486,h,false,http://purl.obolibrary.org/obo/PBPKO_00551,
H_PER_YEAR,Hours per year (365.25 x 24),8766,dimensionless,true,http://purl.obolibrary.org/obo/PBPKO_00551,
CVINIT,Pre-pregnancy maternal plasma conc (mg/L),0,mg_per_L,false,http://purl.obolibrary.org/obo/PBPKO_00649,
BWINIT,Pre-pregnancy body weight (kg),70,kg,false,http://purl.obolibrary.org/obo/PBPKO_00008,
BW_birth_ref,Expected birth weight (kg),3.5,kg,false,http://purl.obolibrary.org/obo/PBPKO_00008,
QCC,Cardiac output coeff (L/h/kg^0.75),20,L_per_h,true,http://purl.obolibrary.org/obo/PBPKO_00013,
FQL,Hepatic artery fraction,0.065,dimensionless,true,http://purl.obolibrary.org/obo/PBPKO_00025,
FQG,Gut fraction,0.181,dimensionless,true,http://purl.obolibrary.org/obo/PBPKO_00513,
FQK,Kidney fraction,0.177,dimensionless,true,http://purl.obolibrary.org/obo/PBPKO_00027,
FQfil,Filtrate (GFR) fraction,0.035,dimensionless,true,http://purl.obolibrary.org/obo/PBPKO_00511,
FQfat,Fat fraction,0.052,dimensionless,true,http://purl.obolibrary.org/obo/PBPKO_00033,
FQbr,Brain fraction,0.117,dimensionless,true,http://purl.obolibrary.org/obo/PBPKO_00041,
FQlg,Lung fraction,0.025,dimensionless,true,http://purl.obolibrary.org/obo/PBPKO_00045,
FQmar,Marrow fraction,0.02,dimensionless,true,http://purl.obolibrary.org/obo/PBPKO_00512,
FQsk,Skin fraction,0.058,dimensionless,true,http://purl.obolibrary.org/obo/PBPKO_00037,
FQmam,Mammary fraction,0.01,dimensionless,true,http://purl.obolibrary.org/obo/PBPKO_00514,
FQplac,Placenta fraction,0.067,dimensionless,true,http://purl.obolibrary.org/obo/PBPKO_00381,
FVL,Liver vol fraction,0.026,dimensionless,true,http://purl.obolibrary.org/obo/PBPKO_00078,
FVK,Kidney vol fraction,0.004,dimensionless,true,http://purl.obolibrary.org/obo/PBPKO_00080,
FVfil,Filtrate vol fraction,0.00044,dimensionless,true,http://purl.obolibrary.org/obo/PBPKO_00508,
FVG,Gut vol fraction,0.016,dimensionless,true,http://purl.obolibrary.org/obo/PBPKO_00509,
FVbr,Brain vol fraction,0.021,dimensionless,true,http://purl.obolibrary.org/obo/PBPKO_00094,
FVlg,Lung vol fraction,0.014,dimensionless,true,http://purl.obolibrary.org/obo/PBPKO_00098,
FVmar,Marrow vol fraction,0.014,dimensionless,true,http://purl.obolibrary.org/obo/PBPKO_00092,
FVsk,Skin vol fraction,0.039,dimensionless,true,http://purl.obolibrary.org/obo/PBPKO_00090,
FVmam,Mammary vol fraction,0.006,dimensionless,true,http://purl.obolibrary.org/obo/PBPKO_00510,
FVfat,Fat vol fraction,0.214,dimensionless,true,http://purl.obolibrary.org/obo/PBPKO_00086,
FVplas,Plasma vol fraction,0.043,dimensionless,true,http://purl.obolibrary.org/obo/PBPKO_00104,
Ratio_GFR,GFR scaling ratio,1,dimensionless,false,http://purl.obolibrary.org/obo/PBPKO_00649,
kurine,Urine elimination rate constant (1/h),1,per_h,false,http://purl.obolibrary.org/obo/PBPKO_00237,https://identifiers.org/CHEBI:35924; https://identifiers.org/CHEBI:36179
FQCf,Fetal cardiac output (L/h/kg^0.75),54,dimensionless,true,http://purl.obolibrary.org/obo/PBPKO_00611,
FVfliv,Fetal liver vol fraction,0.04,dimensionless,true,http://purl.obolibrary.org/obo/PBPKO_00078,
FVfkid,Fetal kidney vol fraction,0.0072,dimensionless,true,http://purl.obolibrary.org/obo/PBPKO_00080,
FVfbr,Fetal brain vol fraction,0.11,dimensionless,true,http://purl.obolibrary.org/obo/PBPKO_00094,
FVfbld,Fetal blood vol fraction,0.085,dimensionless,true,http://purl.obolibrary.org/obo/PBPKO_00104,
HtcF,Fetal hematocrit,0.5,dimensionless,true,http://purl.obolibrary.org/obo/PBPKO_00649,
VFet_A1,Fetal Gompertz A1,3.779,L,true,http://purl.obolibrary.org/obo/PBPKO_00103,
VFet_b1,Fetal Gompertz b1,16.081,L,true,http://purl.obolibrary.org/obo/PBPKO_00103,
VFet_c1,Fetal Gompertz c1 (1/h),0.000567,L,true,http://purl.obolibrary.org/obo/PBPKO_00103,
VFet_A2,Fetal Gompertz A2,3.833,L,true,http://purl.obolibrary.org/obo/PBPKO_00103,
VFet_b2,Fetal Gompertz b2,140.178,L,true,http://purl.obolibrary.org/obo/PBPKO_00103,
VFet_c2,Fetal Gompertz c2 (1/h),0.000701,L,true,http://purl.obolibrary.org/obo/PBPKO_00103,
VFet_at_delivery,Fetal total volume frozen at T_delivery (L),3.732641,L,true,http://purl.obolibrary.org/obo/PBPKO_00077,
h_inf_F,Phase-0 asymptote (kg),9.6095,dimensionless,true,http://purl.obolibrary.org/obo/PBPKO_00649,
k_e_F,Phase-0 rate (1/yr),2.0619,dimensionless,true,http://purl.obolibrary.org/obo/PBPKO_00649,
W0_ref_F,Phase-0 ref birth weight (kg),3.2322,kg,true,http://purl.obolibrary.org/obo/PBPKO_00008,
tL,Bridge start (yr),0.461538461538462,dimensionless,true,http://purl.obolibrary.org/obo/PBPKO_00649,
tR,Bridge end (yr),0.538461538461538,dimensionless,true,http://purl.obolibrary.org/obo/PBPKO_00649,
h1_F,PB upper asymptote (kg),54.8897,dimensionless,true,http://purl.obolibrary.org/obo/PBPKO_00649,
h0_F,PB lower inflection (kg),42.6761,dimensionless,true,http://purl.obolibrary.org/obo/PBPKO_00649,
s1_F,PB rate s1,0.70977,dimensionless,true,http://purl.obolibrary.org/obo/PBPKO_00649,
s0_F,PB rate s0,0.0549,dimensionless,true,http://purl.obolibrary.org/obo/PBPKO_00649,
theta_F,PB midpoint age (yr),12.5136,dimensionless,true,http://purl.obolibrary.org/obo/PBPKO_00649,
tP1_F,End of Phase 1 (yr),17.9,dimensionless,true,http://purl.obolibrary.org/obo/PBPKO_00649,
PFOS_PL,PFOS liver:plasma PC,2.67,dimensionless,true,http://purl.obolibrary.org/obo/PBPKO_00170,https://identifiers.org/CHEBI:35924; https://identifiers.org/CHEBI:36179
PFOS_Pfat,PFOS fat:plasma PC,0.33,dimensionless,true,http://purl.obolibrary.org/obo/PBPKO_00174,https://identifiers.org/CHEBI:35924; https://identifiers.org/CHEBI:36179
PFOS_Pbr,PFOS brain:plasma PC,0.26,dimensionless,true,http://purl.obolibrary.org/obo/PBPKO_00515,https://identifiers.org/CHEBI:35924; https://identifiers.org/CHEBI:36179
PFOS_Plg,PFOS lung:plasma PC,0.15,dimensionless,true,http://purl.obolibrary.org/obo/PBPKO_00179,https://identifiers.org/CHEBI:35924; https://identifiers.org/CHEBI:36179
PFOS_PK,PFOS kidney:plasma PC,1.26,dimensionless,true,http://purl.obolibrary.org/obo/PBPKO_00171,https://identifiers.org/CHEBI:35924; https://identifiers.org/CHEBI:36179
PFOS_Pmar,PFOS marrow:plasma PC,0.11,dimensionless,true,http://purl.obolibrary.org/obo/PBPKO_00165,https://identifiers.org/CHEBI:35924; https://identifiers.org/CHEBI:36179
PFOS_PG,PFOS gut:plasma PC,0.04,dimensionless,true,http://purl.obolibrary.org/obo/PBPKO_00166,https://identifiers.org/CHEBI:35924; https://identifiers.org/CHEBI:36179
PFOS_Pmam,PFOS mammary:plasma PC,0.04,dimensionless,true,http://purl.obolibrary.org/obo/PBPKO_00517,https://identifiers.org/CHEBI:35924; https://identifiers.org/CHEBI:36179
PFOS_Psk,PFOS skin:plasma PC,0.1,dimensionless,true,http://purl.obolibrary.org/obo/PBPKO_00176,https://identifiers.org/CHEBI:35924; https://identifiers.org/CHEBI:36179
PFOS_PR,PFOS rest:plasma PC,0.04,dimensionless,true,http://purl.obolibrary.org/obo/PBPKO_00518,https://identifiers.org/CHEBI:35924; https://identifiers.org/CHEBI:36179
PFOS_Ppla,PFOS placenta:plasma PC,1,dimensionless,true,http://purl.obolibrary.org/obo/PBPKO_00165,https://identifiers.org/CHEBI:35924; https://identifiers.org/CHEBI:36179
PFOS_PRF,PFOS fetal rest:plasma PC,0.04,dimensionless,true,http://purl.obolibrary.org/obo/PBPKO_00394,https://identifiers.org/CHEBI:35924; https://identifiers.org/CHEBI:36179
PFOS_TMC,PFOS Tm coeff (mg/h/kg^0.75),3.55,mg_per_h,true,http://purl.obolibrary.org/obo/PBPKO_00536,https://identifiers.org/CHEBI:35924; https://identifiers.org/CHEBI:36179
PFOS_KT,PFOS affinity constant (mg/L),0.0176,mg_per_L,true,http://purl.obolibrary.org/obo/PBPKO_00535,https://identifiers.org/CHEBI:35924; https://identifiers.org/CHEBI:36179
PFOS_Free,PFOS free fraction,0.025,dimensionless,true,http://purl.obolibrary.org/obo/PBPKO_00149,https://identifiers.org/CHEBI:35924; https://identifiers.org/CHEBI:36179
PFOS_FreeF,PFOS fetal free fraction,0.025,dimensionless,true,http://purl.obolibrary.org/obo/PBPKO_00149,https://identifiers.org/CHEBI:35924; https://identifiers.org/CHEBI:36179
PFOS_k1c,PFOS placenta-&gt;fetus,0.46,per_h,true,http://purl.obolibrary.org/obo/PBPKO_00381,https://identifiers.org/CHEBI:35924; https://identifiers.org/CHEBI:36179
PFOS_k2c,PFOS fetus-&gt;placenta (Verner 2015),1.01,per_h,true,http://purl.obolibrary.org/obo/PBPKO_00381,https://identifiers.org/CHEBI:35924; https://identifiers.org/CHEBI:36179
PFOS_k3c,PFOS fetal-&gt;amniotic,0.46,per_h,true,http://purl.obolibrary.org/obo/PBPKO_00381,https://identifiers.org/CHEBI:35924; https://identifiers.org/CHEBI:36179
PFOS_k4c,PFOS amniotic-&gt;fetal,0.46,per_h,true,http://purl.obolibrary.org/obo/PBPKO_00381,https://identifiers.org/CHEBI:35924; https://identifiers.org/CHEBI:36179
PFOA_PL,PFOA liver:plasma PC,1.03,dimensionless,true,http://purl.obolibrary.org/obo/PBPKO_00170,https://identifiers.org/CHEBI:35924; https://identifiers.org/CHEBI:36179
PFOA_Pfat,PFOA fat:plasma PC,0.47,dimensionless,true,http://purl.obolibrary.org/obo/PBPKO_00174,https://identifiers.org/CHEBI:35924; https://identifiers.org/CHEBI:36179
PFOA_Pbr,PFOA brain:plasma PC,0.17,dimensionless,true,http://purl.obolibrary.org/obo/PBPKO_00515,https://identifiers.org/CHEBI:35924; https://identifiers.org/CHEBI:36179
PFOA_Plg,PFOA lung:plasma PC,1.27,dimensionless,true,http://purl.obolibrary.org/obo/PBPKO_00179,https://identifiers.org/CHEBI:35924; https://identifiers.org/CHEBI:36179
PFOA_PK,PFOA kidney:plasma PC,1.17,dimensionless,true,http://purl.obolibrary.org/obo/PBPKO_00171,https://identifiers.org/CHEBI:35924; https://identifiers.org/CHEBI:36179
PFOA_Pmar,PFOA marrow:plasma PC,18.73,dimensionless,true,http://purl.obolibrary.org/obo/PBPKO_00165,https://identifiers.org/CHEBI:35924; https://identifiers.org/CHEBI:36179
PFOA_PG,PFOA gut:plasma PC,0.04,dimensionless,true,http://purl.obolibrary.org/obo/PBPKO_00166,https://identifiers.org/CHEBI:35924; https://identifiers.org/CHEBI:36179
PFOA_Pmam,PFOA mammary:plasma PC,0.04,dimensionless,true,http://purl.obolibrary.org/obo/PBPKO_00517,https://identifiers.org/CHEBI:35924; https://identifiers.org/CHEBI:36179
PFOA_Psk,PFOA skin:plasma PC,0.1,dimensionless,true,http://purl.obolibrary.org/obo/PBPKO_00176,https://identifiers.org/CHEBI:35924; https://identifiers.org/CHEBI:36179
PFOA_PR,PFOA rest:plasma PC,0.04,dimensionless,true,http://purl.obolibrary.org/obo/PBPKO_00518,https://identifiers.org/CHEBI:35924; https://identifiers.org/CHEBI:36179
PFOA_Ppla,PFOA placenta:plasma PC,1,dimensionless,true,http://purl.obolibrary.org/obo/PBPKO_00165,https://identifiers.org/CHEBI:35924; https://identifiers.org/CHEBI:36179
PFOA_PRF,PFOA fetal rest:plasma PC,0.04,dimensionless,true,http://purl.obolibrary.org/obo/PBPKO_00394,https://identifiers.org/CHEBI:35924; https://identifiers.org/CHEBI:36179
PFOA_TMC,PFOA Tm coeff (mg/h/kg^0.75),10,mg_per_h,true,http://purl.obolibrary.org/obo/PBPKO_00536,https://identifiers.org/CHEBI:35924; https://identifiers.org/CHEBI:36179
PFOA_KT,PFOA affinity constant (mg/L),0.055,mg_per_L,true,http://purl.obolibrary.org/obo/PBPKO_00535,https://identifiers.org/CHEBI:35924; https://identifiers.org/CHEBI:36179
PFOA_Free,PFOA free fraction,0.02,dimensionless,true,http://purl.obolibrary.org/obo/PBPKO_00149,https://identifiers.org/CHEBI:35924; https://identifiers.org/CHEBI:36179
PFOA_FreeF,PFOA fetal free fraction,0.02,dimensionless,true,http://purl.obolibrary.org/obo/PBPKO_00149,https://identifiers.org/CHEBI:35924; https://identifiers.org/CHEBI:36179
PFOA_k1c,PFOA placenta-&gt;fetus,0.46,per_h,true,http://purl.obolibrary.org/obo/PBPKO_00381,https://identifiers.org/CHEBI:35924; https://identifiers.org/CHEBI:36179
PFOA_k2c,PFOA fetus-&gt;placenta (Sharma 2018b / Verner 2015),0.46,per_h,true,http://purl.obolibrary.org/obo/PBPKO_00381,https://identifiers.org/CHEBI:35924; https://identifiers.org/CHEBI:36179
PFOA_k3c,PFOA fetal-&gt;amniotic,0.46,per_h,true,http://purl.obolibrary.org/obo/PBPKO_00381,https://identifiers.org/CHEBI:35924; https://identifiers.org/CHEBI:36179
PFOA_k4c,PFOA amniotic-&gt;fetal,0.46,per_h,true,http://purl.obolibrary.org/obo/PBPKO_00381,https://identifiers.org/CHEBI:35924; https://identifiers.org/CHEBI:36179
RateInj_child,"Child dietary PFAS intake rate (ng/kg/min, McSIM child phase = 0)",0,mg_per_h,true,http://purl.obolibrary.org/obo/PBPKO_00322,
BirthYear_child,"Child birth year (scenario parameter, default HELIX 2007)",2007.0,dimensionless,true,http://purl.obolibrary.org/obo/PBPKO_00649,
DecreaseIntake_1,One-time intake reduction factor post-2000 (McSIM .in),0.20,h,true,http://purl.obolibrary.org/obo/PBPKO_00551,
DecreaseIntake_2,Annual intake reduction rate post-2001 (McSIM .in),0.04,h,true,http://purl.obolibrary.org/obo/PBPKO_00551,
Abs_child,"Child oral absorption fraction (McSIM .in, both PFOA/PFOS)",1.0,dimensionless,true,http://purl.obolibrary.org/obo/PBPKO_00649,
PFOA_FI_infant,"PFOA dietary intake multiplier infant (&lt;1yr, Ratier 2024 §2.5.2/EFSA2020)",3.99,dimensionless,true,http://purl.obolibrary.org/obo/PBPKO_00649,
PFOA_FI_toddler,"PFOA dietary intake multiplier toddler (1-3yr, Ratier 2024 §2.5.2/EFSA2020)",4.21,dimensionless,true,http://purl.obolibrary.org/obo/PBPKO_00649,
PFOA_FI_children,"PFOA dietary intake multiplier children (3-10yr, Ratier 2024 §2.5.2/EFSA2020)",2.47,dimensionless,true,http://purl.obolibrary.org/obo/PBPKO_00649,
PFOA_FI_ado,"PFOA dietary intake multiplier adolescent (10-18yr, Ratier 2024 §2.5.2/EFSA2020)",1.41,dimensionless,true,http://purl.obolibrary.org/obo/PBPKO_00649,
PFOS_FI_infant,"PFOS dietary intake multiplier infant (&lt;1yr, Ratier 2024 §2.5.2/EFSA2020)",3.65,dimensionless,true,http://purl.obolibrary.org/obo/PBPKO_00649,
PFOS_FI_toddler,"PFOS dietary intake multiplier toddler (1-3yr, Ratier 2024 §2.5.2/EFSA2020)",3.80,dimensionless,true,http://purl.obolibrary.org/obo/PBPKO_00649,
PFOS_FI_children,"PFOS dietary intake multiplier children (3-10yr, Ratier 2024 §2.5.2/EFSA2020)",2.75,dimensionless,true,http://purl.obolibrary.org/obo/PBPKO_00649,
PFOS_FI_ado,"PFOS dietary intake multiplier adolescent (10-18yr, Ratier 2024 §2.5.2/EFSA2020)",1.41,dimensionless,true,http://purl.obolibrary.org/obo/PBPKO_00649,
year_child,,0,dimensionless,false,http://purl.obolibrary.org/obo/PBPKO_00649,
PercentVar_child,,1,dimensionless,false,http://purl.obolibrary.org/obo/PBPKO_00649,
Frac_Intake_child,,1,dimensionless,false,http://purl.obolibrary.org/obo/PBPKO_00649,
RateIng,Oral intake rate (mg/h),0,mg_per_h,false,http://purl.obolibrary.org/obo/PBPKO_00322,
C_milk_input,Breast milk PFAS concentration (mg/L),0,mg_per_L,false,http://purl.obolibrary.org/obo/PBPKO_00649,
V_milk_daily,Daily breast milk volume consumed (L/d),0.8,L,false,http://purl.obolibrary.org/obo/PBPKO_00103,
kmet_L,Hepatic metabolism rate constant (1/h),0,per_h,false,http://purl.obolibrary.org/obo/PBPKO_00237,https://identifiers.org/CHEBI:35924; https://identifiers.org/CHEBI:36179
kfeces,Fecal elimination rate constant (1/h),0.001,per_h,false,http://purl.obolibrary.org/obo/PBPKO_00237,https://identifiers.org/CHEBI:35924; https://identifiers.org/CHEBI:36179
is_preg,,0,dimensionless,false,http://purl.obolibrary.org/obo/PBPKO_00649,
is_lact,,0,dimensionless,false,http://purl.obolibrary.org/obo/PBPKO_00649,
age_child_yr,,0,dimensionless,false,http://purl.obolibrary.org/obo/PBPKO_00649,
kelim_child,Child elimination rate constant (1/h); set per compound from Ratier 2024 HalfLife,0,per_h,false,http://purl.obolibrary.org/obo/PBPKO_00237,https://identifiers.org/CHEBI:35924; https://identifiers.org/CHEBI:36179
PFOA_milk_fplas_frac,"PFOA fraction of child body load in free plasma (derived, steady-state mass balance)",0.00815,dimensionless,true,http://purl.obolibrary.org/obo/PBPKO_00436,https://identifiers.org/CHEBI:35924
PFOS_milk_fplas_frac,"PFOS fraction of child body load in free plasma (derived, steady-state mass balance)",0.00588,dimensionless,true,http://purl.obolibrary.org/obo/PBPKO_00436,https://identifiers.org/CHEBI:36179
milk_fplas_frac,Fraction of child body load in free plasma (compound-selected via PFOA/PFOS selector),0,dimensionless,false,http://purl.obolibrary.org/obo/PBPKO_00436,https://identifiers.org/CHEBI:35924; https://identifiers.org/CHEBI:36179
BW_birth,,0,kg,false,http://purl.obolibrary.org/obo/PBPKO_00008,
PL,,0,dimensionless,false,http://purl.obolibrary.org/obo/PBPKO_00170,https://identifiers.org/CHEBI:35924; https://identifiers.org/CHEBI:36179
Pfat,,0,dimensionless,false,http://purl.obolibrary.org/obo/PBPKO_00174,https://identifiers.org/CHEBI:35924; https://identifiers.org/CHEBI:36179
Pbr,,0,dimensionless,false,http://purl.obolibrary.org/obo/PBPKO_00515,https://identifiers.org/CHEBI:35924; https://identifiers.org/CHEBI:36179
Plg,,0,dimensionless,false,http://purl.obolibrary.org/obo/PBPKO_00179,https://identifiers.org/CHEBI:35924; https://identifiers.org/CHEBI:36179
PK,,0,dimensionless,false,http://purl.obolibrary.org/obo/PBPKO_00171,https://identifiers.org/CHEBI:35924; https://identifiers.org/CHEBI:36179
Pmar,,0,dimensionless,false,http://purl.obolibrary.org/obo/PBPKO_00165,https://identifiers.org/CHEBI:35924; https://identifiers.org/CHEBI:36179
PG,,0,dimensionless,false,http://purl.obolibrary.org/obo/PBPKO_00166,https://identifiers.org/CHEBI:35924; https://identifiers.org/CHEBI:36179
Pmam,,0,dimensionless,false,http://purl.obolibrary.org/obo/PBPKO_00517,https://identifiers.org/CHEBI:35924; https://identifiers.org/CHEBI:36179
Psk,,0,dimensionless,false,http://purl.obolibrary.org/obo/PBPKO_00176,https://identifiers.org/CHEBI:35924; https://identifiers.org/CHEBI:36179
PR,,0,dimensionless,false,http://purl.obolibrary.org/obo/PBPKO_00518,https://identifiers.org/CHEBI:35924; https://identifiers.org/CHEBI:36179
Ppla,,0,dimensionless,false,http://purl.obolibrary.org/obo/PBPKO_00165,https://identifiers.org/CHEBI:35924; https://identifiers.org/CHEBI:36179
PRF,,0,dimensionless,false,http://purl.obolibrary.org/obo/PBPKO_00394,https://identifiers.org/CHEBI:35924; https://identifiers.org/CHEBI:36179
TMC,,0,L_per_h,false,http://purl.obolibrary.org/obo/PBPKO_00012,
KT,,0,mg_per_L,false,http://purl.obolibrary.org/obo/PBPKO_00535,https://identifiers.org/CHEBI:35924; https://identifiers.org/CHEBI:36179
Free,,0,dimensionless,false,http://purl.obolibrary.org/obo/PBPKO_00149,https://identifiers.org/CHEBI:35924; https://identifiers.org/CHEBI:36179
FreeF,,0,dimensionless,false,http://purl.obolibrary.org/obo/PBPKO_00149,https://identifiers.org/CHEBI:35924; https://identifiers.org/CHEBI:36179
ktrans1c,,0,per_h,false,http://purl.obolibrary.org/obo/PBPKO_00381,https://identifiers.org/CHEBI:35924; https://identifiers.org/CHEBI:36179
ktrans2c,,0,per_h,false,http://purl.obolibrary.org/obo/PBPKO_00381,https://identifiers.org/CHEBI:35924; https://identifiers.org/CHEBI:36179
ktrans3c,,0,per_h,false,http://purl.obolibrary.org/obo/PBPKO_00381,https://identifiers.org/CHEBI:35924; https://identifiers.org/CHEBI:36179
ktrans4c,,0,per_h,false,http://purl.obolibrary.org/obo/PBPKO_00381,https://identifiers.org/CHEBI:35924; https://identifiers.org/CHEBI:36179
VFet,,0,L,false,http://purl.obolibrary.org/obo/PBPKO_00103,
Vfliv,,0,L,false,http://purl.obolibrary.org/obo/PBPKO_00077,
Vfkid,,0,L,false,http://purl.obolibrary.org/obo/PBPKO_00079,
Vfbr,,0,L,false,http://purl.obolibrary.org/obo/PBPKO_00093,
Vfbld,,0,L,false,http://purl.obolibrary.org/obo/PBPKO_00103,
Vfplas,,0,L,false,http://purl.obolibrary.org/obo/PBPKO_00103,
Vfrest,,0,L,false,http://purl.obolibrary.org/obo/PBPKO_00103,
VL,,0,L,false,http://purl.obolibrary.org/obo/PBPKO_00103,
VK,,0,L,false,http://purl.obolibrary.org/obo/PBPKO_00103,
Vfil,,0,L,false,http://purl.obolibrary.org/obo/PBPKO_00103,
VG,,0,L,false,http://purl.obolibrary.org/obo/PBPKO_00103,
Vbr,,0,L,false,http://purl.obolibrary.org/obo/PBPKO_00093,
Vlg,,0,L,false,http://purl.obolibrary.org/obo/PBPKO_00097,
Vmar,,0,L,false,http://purl.obolibrary.org/obo/PBPKO_00103,
Vsk,,0,L,false,http://purl.obolibrary.org/obo/PBPKO_00089,
Vmam,,0,L,false,http://purl.obolibrary.org/obo/PBPKO_00103,
Vfat,,0,L,false,http://purl.obolibrary.org/obo/PBPKO_00085,
Vplas,,0,L,false,http://purl.obolibrary.org/obo/PBPKO_00103,
Vplac,,0,L,false,http://purl.obolibrary.org/obo/PBPKO_00374,
Vrest,,0,L,false,http://purl.obolibrary.org/obo/PBPKO_00103,
VRF,,0,L,false,http://purl.obolibrary.org/obo/PBPKO_00103,
BW,,0,kg,false,http://purl.obolibrary.org/obo/PBPKO_00008,
BDW_child_p0,,0,kg,false,http://purl.obolibrary.org/obo/PBPKO_00008,
BDW_child_bridge,,0,kg,false,http://purl.obolibrary.org/obo/PBPKO_00008,
BDW_child_pb,,0,kg,false,http://purl.obolibrary.org/obo/PBPKO_00008,
BDW_child,,0,kg,false,http://purl.obolibrary.org/obo/PBPKO_00008,
gch_v0,,0,dimensionless,false,http://purl.obolibrary.org/obo/PBPKO_00649,
gch_m0,,0,dimensionless,false,http://purl.obolibrary.org/obo/PBPKO_00649,
gch_v1,,0,dimensionless,false,http://purl.obolibrary.org/obo/PBPKO_00649,
gch_m1,,0,dimensionless,false,http://purl.obolibrary.org/obo/PBPKO_00649,
gch_u,,0,dimensionless,false,http://purl.obolibrary.org/obo/PBPKO_00649,
gch_DR,,0,dimensionless,false,http://purl.obolibrary.org/obo/PBPKO_00649,
gch_DRp,,0,dimensionless,false,http://purl.obolibrary.org/obo/PBPKO_00649,
gch_H00,,0,dimensionless,false,http://purl.obolibrary.org/obo/PBPKO_00649,
gch_H10,,0,dimensionless,false,http://purl.obolibrary.org/obo/PBPKO_00649,
gch_H01,,0,dimensionless,false,http://purl.obolibrary.org/obo/PBPKO_00649,
gch_H11,,0,dimensionless,false,http://purl.obolibrary.org/obo/PBPKO_00649,
QC,,0,L_per_h,false,http://purl.obolibrary.org/obo/PBPKO_00013,
QL,,0,L_per_h,false,http://purl.obolibrary.org/obo/PBPKO_00012,
QG,,0,L_per_h,false,http://purl.obolibrary.org/obo/PBPKO_00012,
QK,,0,L_per_h,false,http://purl.obolibrary.org/obo/PBPKO_00012,
QFil,,0,L_per_h,false,http://purl.obolibrary.org/obo/PBPKO_00012,
Qfat,,0,L_per_h,false,http://purl.obolibrary.org/obo/PBPKO_00012,
Qbr,,0,L_per_h,false,http://purl.obolibrary.org/obo/PBPKO_00012,
Qlg,,0,L_per_h,false,http://purl.obolibrary.org/obo/PBPKO_00012,
Qmar,,0,L_per_h,false,http://purl.obolibrary.org/obo/PBPKO_00012,
Qsk,,0,L_per_h,false,http://purl.obolibrary.org/obo/PBPKO_00012,
Qmam,,0,L_per_h,false,http://purl.obolibrary.org/obo/PBPKO_00012,
Qplac,,0,dimensionless,false,http://purl.obolibrary.org/obo/PBPKO_00611,
QR,,0,L_per_h,false,http://purl.obolibrary.org/obo/PBPKO_00012,
Tm,,0,mg_per_h,false,http://purl.obolibrary.org/obo/PBPKO_00536,https://identifiers.org/CHEBI:35924; https://identifiers.org/CHEBI:36179
QCf,,0,L_per_h,false,http://purl.obolibrary.org/obo/PBPKO_00012,
QRF,,0,L_per_h,false,http://purl.obolibrary.org/obo/PBPKO_00012,
ktrans1,,0,per_h,false,http://purl.obolibrary.org/obo/PBPKO_00381,https://identifiers.org/CHEBI:35924; https://identifiers.org/CHEBI:36179
ktrans2,,0,per_h,false,http://purl.obolibrary.org/obo/PBPKO_00381,https://identifiers.org/CHEBI:35924; https://identifiers.org/CHEBI:36179
ktrans3,,0,per_h,false,http://purl.obolibrary.org/obo/PBPKO_00381,https://identifiers.org/CHEBI:35924; https://identifiers.org/CHEBI:36179
ktrans4,,0,per_h,false,http://purl.obolibrary.org/obo/PBPKO_00381,https://identifiers.org/CHEBI:35924; https://identifiers.org/CHEBI:36179
CA,,0,mg_per_L,false,http://purl.obolibrary.org/obo/PBPKO_00649,
Cfil,,0,mg_per_L,false,http://purl.obolibrary.org/obo/PBPKO_00649,
CVfat,,0,mg_per_L,false,http://purl.obolibrary.org/obo/PBPKO_00649,
CVbr,,0,mg_per_L,false,http://purl.obolibrary.org/obo/PBPKO_00649,
CVlg,,0,mg_per_L,false,http://purl.obolibrary.org/obo/PBPKO_00649,
CVmar,,0,mg_per_L,false,http://purl.obolibrary.org/obo/PBPKO_00649,
CVsk,,0,dimensionless,false,http://purl.obolibrary.org/obo/PBPKO_00649,
CVmam,,0,mg_per_L,false,http://purl.obolibrary.org/obo/PBPKO_00649,
CVG,,0,mg_per_L,false,http://purl.obolibrary.org/obo/PBPKO_00649,
CVL,,0,mg_per_L,false,http://purl.obolibrary.org/obo/PBPKO_00649,
CVK,,0,mg_per_L,false,http://purl.obolibrary.org/obo/PBPKO_00649,
CVR,,0,mg_per_L,false,http://purl.obolibrary.org/obo/PBPKO_00649,
CVpla,,0,mg_per_L,false,http://purl.obolibrary.org/obo/PBPKO_00649,
CA_f,,0,mg_per_L,false,http://purl.obolibrary.org/obo/PBPKO_00649,
CRF,,0,mg_per_L,false,http://purl.obolibrary.org/obo/PBPKO_00649,
CVRF,,0,mg_per_L,false,http://purl.obolibrary.org/obo/PBPKO_00649,
rtrans1,,0,dimensionless,false,http://purl.obolibrary.org/obo/PBPKO_00649,
rtrans2,,0,dimensionless,false,http://purl.obolibrary.org/obo/PBPKO_00649,
rtrans3,,0,dimensionless,false,http://purl.obolibrary.org/obo/PBPKO_00649,
rtrans4,,0,dimensionless,false,http://purl.obolibrary.org/obo/PBPKO_00649,
RateMilk,,0,mg_per_h,false,http://purl.obolibrary.org/obo/PBPKO_00322,
